id;name;creation_date;update_date
1;mobile Fish;2019-10-06T22:15:17;2019-10-07T02:35:58
2;Table Computer;2019-10-07T15:34:23;2019-10-07T05:56:43
3;seamless Metal deposit;2019-10-07T15:36:48;2019-10-06T17:41:22
4;parsing red Chips;2019-10-07T12:33:56;2019-10-07T02:08:52
5;Home Loan Account;2019-10-07T16:47:51;2019-10-07T06:36:02
6;intangible;2019-10-07T02:16:58;2019-10-07T07:22:14
7;Gorgeous Frozen Pants;2019-10-07T11:22:50;2019-10-07T06:01:18
8;bluetooth;2019-10-07T12:10:30;2019-10-07T07:47:17
9;Planner Canyon;2019-10-06T20:19:44;2019-10-07T02:23:10
10;Table Small Frozen Sausages Planner;2019-10-06T21:33:57;2019-10-07T07:43:02
